{"cameraMode":{"drawMode":0,"name":"Shaded","section":"Shading Mode"},"sceneLighting":true,"audioPlay":false,"sceneViewState":{"showFog":true,"showMaterialUpdate":false,"showSkybox":true,"showFlares":true,"showImageEffects":true,"showParticleSystems":true},"in2DMode":false,"pivot":{"x":1.7381089925765992,"y":1.1795979738235474,"z":-0.47251033782958987},"rotation":{"x":-0.08187012374401093,"y":0.8969103693962097,"z":-0.18724524974822999,"w":-0.3921731412410736},"size":10.299447059631348,"orthographic":false}